{
  "execPath": "C:/Users/ponin/.platformio/packages/toolchain-atmelavr/bin/avr-g++.exe",
  "gccDefaultCFlags": "-fsyntax-only -std=gnu11 -fno-fat-lto-objects -Os -Wall -ffunction-sections -fdata-sections -flto -mmcu=atmega2560 -DPLATFORMIO=40100 -DARDUINO_AVR_MEGA2560 -DF_CPU=16000000L -DARDUINO_ARCH_AVR -DARDUINO=10808 -D__AVR_ATmega2560__",
  "gccDefaultCppFlags": "-fsyntax-only -fno-exceptions -fno-threadsafe-statics -fpermissive -std=gnu++11 -Os -Wall -ffunction-sections -fdata-sections -flto -mmcu=atmega2560 -DPLATFORMIO=40100 -DARDUINO_AVR_MEGA2560 -DF_CPU=16000000L -DARDUINO_ARCH_AVR -DARDUINO=10808 -D__AVR_ATmega2560__",
  "gccErrorLimit": 15,
  "gccIncludePaths": "D:/3_Priv/Projects/DAM 1021/PlatformIO/Projects/DAM_MEGA_ARD_SERIAL/include,D:/3_Priv/Projects/DAM 1021/PlatformIO/Projects/DAM_MEGA_ARD_SERIAL/src,D:/3_Priv/Projects/DAM 1021/PlatformIO/Projects/DAM_MEGA_ARD_SERIAL/lib/TouchScreen,D:/3_Priv/Projects/DAM 1021/PlatformIO/Projects/DAM_MEGA_ARD_SERIAL/lib/IRremote2,D:/3_Priv/Projects/DAM 1021/PlatformIO/Projects/DAM_MEGA_ARD_SERIAL/lib/MCUFRIEND_kbv,D:/3_Priv/Projects/DAM 1021/PlatformIO/Projects/DAM_MEGA_ARD_SERIAL/lib/MCUFRIEND_kbv/utility,D:/3_Priv/Projects/DAM 1021/PlatformIO/Projects/DAM_MEGA_ARD_SERIAL/lib/Adafruit_GFX,C:/Users/ponin/.platformio/packages/framework-arduino-avr/libraries/SPI/src,C:/Users/ponin/.platformio/packages/framework-arduino-avr/cores/arduino,C:/Users/ponin/.platformio/packages/framework-arduino-avr/variants/mega,C:/Users/ponin/.platformio/packages/framework-arduino-avr/libraries/EEPROM/src,C:/Users/ponin/.platformio/packages/framework-arduino-avr/libraries/HID/src,C:/Users/ponin/.platformio/packages/framework-arduino-avr/libraries/SoftwareSerial/src,C:/Users/ponin/.platformio/packages/framework-arduino-avr/libraries/Wire/src,C:/Users/ponin/.platformio/packages/toolchain-atmelavr/avr/include,C:/Users/ponin/.platformio/packages/toolchain-atmelavr/lib/gcc/avr/5.4.0/include,C:/Users/ponin/.platformio/packages/toolchain-atmelavr/lib/gcc/avr/5.4.0/include-fixed,C:/Users/ponin/.platformio/packages/tool-unity",
  "gccSuppressWarnings": false
}
